{
    "Ideal binary mask": {
        "Background": {
            "Sources": {
                "Source to Artifact": 11.918309639757068,
                "Source to Distortion": 11.83422876261874,
                "Source to Interference": 29.27768743795976
            }
        },
        "Permutation": [
            0,
            1
        ],
        "Vocals": {
            "Sources": {
                "Source to Artifact": 14.436401437767001,
                "Source to Distortion": 14.248080684241277,
                "Source to Interference": 28.124379580665764
            }
        }
    },
    "REPET": {
        "Background": {
            "Sources": {
                "Source to Artifact": 3.379207657596091,
                "Source to Distortion": 3.2638464684639783,
                "Source to Interference": 20.72003691081717
            }
        },
        "Permutation": [
            0,
            1
        ],
        "Vocals": {
            "Sources": {
                "Source to Artifact": 6.5541961259200265,
                "Source to Distortion": 3.6648580097417383,
                "Source to Interference": 7.667082842893662
            }
        }
    }
}